{
  "shape": [
    50000,
    12
  ],
  "label_distribution": {
    "0": 27500,
    "1": 22500
  },
  "feature_means_per_class": {
    "src_port": {
      "0": 46915.639963636364,
      "1": 33259.29906666667
    },
    "dst_port": {
      "0": 9999.0,
      "1": 9999.0
    },
    "bytes_received": {
      "0": 255.22674803179666,
      "1": 200.22175761392407
    },
    "connection_duration_ms": {
      "0": 198.90893753058984,
      "1": 1072.5978223509685
    },
    "payload_entropy": {
      "0": 3.501421549636998,
      "1": 3.0762426545538673
    },
    "packet_size": {
      "0": 180.60758872452467,
      "1": 199.71562462541772
    },
    "src_ip_frequency": {
      "0": 1.9981454545454544,
      "1": 241.13213333333334
    },
    "payload_printable_ratio": {
      "0": 0.8463020939029079,
      "1": 0.3517038102168559
    },
    "label": {
      "0": 0.0,
      "1": 1.0
    }
  }
}