{
  "training_history": {
    "train_loss": [
      0.3494121852942875,
      0.2840103703226362,
      0.2557156227997371,
      0.2539957162822996,
      0.24896775005544935,
      0.2526414098739624,
      0.24825725858552114,
      0.23673136081014362,
      0.2349900562422616,
      0.23404620357922146,
      0.23212163819585527,
      0.2269212453876223,
      0.22328515105588095,
      0.21275005403586797,
      0.21511871234008245,
      0.20530975108487265,
      0.2011267022575651,
      0.19912190759181977,
      0.1906401594025748,
      0.18188632212366376,
      0.17139466626303537,
      0.1621022468464715,
      0.14973752905641283,
      0.14333424271856035,
      0.13455255232538496,
      0.13079841126714434,
      0.12689485656363622,
      0.12562955808639525,
      0.12483131970678057,
      0.12446793937683105
    ],
    "train_acc": [
      0.9031428571428571,
      0.9395714285714286,
      0.9517142857142857,
      0.9512857142857143,
      0.9518571428571428,
      0.9481428571428572,
      0.9511428571428572,
      0.9551428571428572,
      0.9542857142857143,
      0.9535714285714286,
      0.9561428571428572,
      0.9558571428571428,
      0.9612857142857143,
      0.9651428571428572,
      0.9641428571428572,
      0.9684285714285714,
      0.9687142857142857,
      0.9711428571428572,
      0.9695714285714285,
      0.974,
      0.9777142857142858,
      0.983,
      0.9872857142857143,
      0.9905714285714285,
      0.9954285714285714,
      0.9974285714285714,
      0.9987142857142857,
      0.9987142857142857,
      0.9992857142857143,
      0.9992857142857143
    ],
    "val_loss": [
      0.26710756357510884,
      0.24503398553530376,
      0.25354559286435446,
      0.24838166403770448,
      0.25954317855834963,
      0.23495275457700093,
      0.23393313509225847,
      0.23610668408870697,
      0.29161137994130454,
      0.2172786569595337,
      0.2395545601050059,
      0.21755249345302582,
      0.204061736702919,
      0.21448249951998394,
      0.2082711261510849,
      0.20366757422685622,
      0.19802168339490892,
      0.19997598071893055,
      0.2190102084080378,
      0.20019436605771382,
      0.2138175303141276,
      0.18764170056581497,
      0.194545616209507,
      0.20017754397789636,
      0.18837917429208756,
      0.18599847958485285,
      0.18123733971516293,
      0.1812055581609408,
      0.1796814824740092,
      0.18539529603719712
    ],
    "val_acc": [
      0.95,
      0.954,
      0.944,
      0.9513333333333334,
      0.944,
      0.9506666666666667,
      0.9553333333333334,
      0.9566666666666667,
      0.9466666666666667,
      0.9546666666666667,
      0.958,
      0.9573333333333334,
      0.9686666666666667,
      0.9666666666666667,
      0.9666666666666667,
      0.9693333333333334,
      0.9706666666666667,
      0.9706666666666667,
      0.9593333333333334,
      0.9713333333333334,
      0.9673333333333334,
      0.972,
      0.97,
      0.9613333333333334,
      0.974,
      0.9746666666666667,
      0.9746666666666667,
      0.9766666666666667,
      0.976,
      0.976
    ]
  },
  "best_checkpoint": {
    "epoch": 28,
    "val_acc": 0.9766666666666667,
    "val_loss": 0.1812055581609408
  },
  "test_metrics": {
    "accuracy": 0.9813333333333333,
    "precision": 0.9986013986013986,
    "recall": 0.9635627530364372,
    "f1": 0.9807692307692307,
    "auc_roc": 0.9922779991429878,
    "confusion_matrix": [
      [
        758,
        1
      ],
      [
        27,
        714
      ]
    ],
    "test_set_size": 1500,
    "test_class_distribution": {
      "legitimate (0)": 759,
      "tampered (1)": 741
    }
  },
  "hyperparameters": {
    "epochs": 30,
    "batch_size": 16,
    "lr": 0.001,
    "weight_decay": 0.0001,
    "optimizer": "Adam",
    "scheduler": "CosineAnnealingLR",
    "dropout": 0.3,
    "architecture": "ResNet-18 from scratch",
    "input_size": "224x224",
    "seed": 42
  }
}