{
  "accuracy": 0.9663932257210902,
  "precision": 0.9616036137775268,
  "recall": 0.9665153234960272,
  "f1": 0.9640532125672233,
  "auc_roc": 0.9961096851563077,
  "confusion_matrix": [
    [
      1949,
      68
    ],
    [
      59,
      1703
    ]
  ],
  "n_test_samples": 3779,
  "best_hyperparameters": {
    "learning_rate": 0.05,
    "max_depth": 6
  }
}